time,left_ankle_pitch_pos,right_ankle_pitch_pos,left_ankle_pitch_vel,right_ankle_pitch_vel,left_ankle_pitch_torque,right_ankle_pitch_torque,left_ankle_roll_pos,right_ankle_roll_pos,left_ankle_roll_vel,right_ankle_roll_vel,left_ankle_roll_torque,right_ankle_roll_torque,com_x,com_y,com_z,base_height,base_roll,base_pitch,base_yaw
0.020000000000000004,-0.07608286152207888,-0.05391208357840601,-4.836126835536426,-1.0609765965062539,4.079167486249818,-2.7898522157960146,6.026954671714467e-06,-4.496730970581716e-05,0.0009230753791145258,-0.006831163188886493,-0.0004942547250560974,0.012546187215981981,0.02178351587148126,-0.06571507574530244,0.3200949034684411,0.7903657681204267,-3.140901373690101,-0.01256889184082453,0.0
0.04000000000000002,-0.1612543601614957,-0.1093590680417503,-3.180032235984682,-3.11643809472416,-11.67054672232345,-4.791212555913373,0.0025261773968673733,-0.0006546218345011559,0.14277952320508727,0.02577025245255903,0.32413446568337567,-2.296620295976135,0.022446462961503114,-0.06577472073539206,0.31818369652760176,0.7866516925002557,-3.1362690048922035,-0.02018605230479071,0.0
0.06000000000000004,-0.23652308642047584,-0.1535752981253442,-3.313440888995709,-1.5606056355455695,-0.9473938943523867,-14.858921893659742,-0.0015502783802173042,0.002572794751616376,-0.48818424781952235,0.14925951349019276,-0.22597853842134863,0.8141373870819983,0.023366817329864727,-0.06578560360049063,0.3174874967990565,0.7839219128071743,-3.133247202859949,-0.018302032963511034,0.0
0.08000000000000006,-0.3084965385976293,-0.1789911767407785,-3.342060781496451,-1.0409677484930464,-2.6080727382661406,-16.591612062065092,-0.005947618977142379,0.008179588998112188,-0.01604346634148396,0.3124115170366856,-1.1633381456279777,2.4302247449713814,0.024293419869422666,-0.06562841036069912,0.3167632920656772,0.7819298307402139,-3.133262784325788,-0.01323141238115336,0.0
0.10000000000000007,-0.35948117041934247,-0.1952376342906652,-1.915228220694434,-0.6504178689528078,0.3479488502896504,-19.155870577576717,0.002308086011296152,0.014192456575756383,0.3895928701636696,0.2507132500153338,-0.032487764869963964,4.49660856926541,0.025262079337672102,-0.06533017401281807,0.3161212767719921,0.7803010411837361,-3.1364891375183346,-0.008905355274264847,0.0
0.12000000000000009,-0.3867338089415054,-0.2150839548855754,-1.152722881182055,-1.1688325078493211,-0.041621857597020195,-11.905314935947118,0.020282525401535426,0.022146470343048463,0.8431950539800157,0.4255117187080901,-0.17183692279363671,6.109853248636576,0.026318618052923005,-0.06493206195031984,0.31525083779587404,0.7780841544066371,-3.1403088445370075,-0.006519650023224643,0.0
0.1400000000000001,-0.3605158615417881,-0.23780254530751246,2.512360834831095,-1.0313404238711714,-6.555840405422252,-10.452855143418445,0.03595303516276844,0.029491368776891888,0.4237558024209207,0.319992278483444,2.2771645396308604,7.071919854318617,0.027533722552576172,-0.06438623833478065,0.3141354963958125,0.7753969873150303,3.1383701965475135,-0.004732743482534553,0.0
0.16000000000000011,-0.2929141079978219,-0.2666677026497404,1.9764777490017178,-1.5923750880917853,-14.091149437535414,-5.983944245690819,0.049583322322400154,0.03010566448818418,0.5923621993032141,-0.04920420080321105,6.158726645566166,2.27491225366197,0.029110644049656468,-0.0637264874523961,0.3130823351087644,0.7723545911861993,3.1386686696634074,-0.0028409042435053058,0.0
0.18000000000000013,-0.3006225383329986,-0.3013259450009176,-1.222898617092809,-1.7323149629711934,-9.91023715454082,-4.047175781379708,0.05724374090058384,0.0266417041775146,0.2544198274434261,-0.18727298980555815,7.464369119723839,0.2991701868915523,0.031031703700865176,-0.06316639518871414,0.31211907137840345,0.7691057534241743,-3.136237814101994,-0.001898950870385231,0.0
0.20000000000000015,-0.32962016501741737,-0.3379053069138977,-1.445854014278652,-1.8088604239438049,-6.5365423343096305,-2.064860528801908,0.060161259054052854,0.02371809338451039,0.07370346061071396,-0.11849426972777045,7.728553702181942,0.18014403166570206,0.03319763083288224,-0.06292778808172392,0.31101954877021915,0.7655453713463591,-3.123409123867648,-0.001688060082979327,0.0
0.22000000000000017,-0.3573230291198677,-0.3744850369744587,-1.2927949073358531,-1.7742630455929143,-3.7035051680137734,-2.2518526647140056,0.06183040198515851,0.022948539034458988,0.046746201815155625,-0.007623986376273848,8.870661287821996,0.3631560269343981,0.03554766824999888,-0.06313297626441829,0.3096196117952842,0.7616379192706415,-3.109185956473647,-0.0025863746486085647,0.0
0.24000000000000019,-0.38172378605503693,-0.40944944081294,-1.1523673469134497,-1.6806891331188294,-0.06185937982676393,-1.7403832285540415,0.0623709557932826,0.023136444384468588,-0.010683303350920095,0.0004387506987301535,9.813196742275982,0.5044840901342871,0.038059083805415395,-0.06381905970123286,0.3080581898719867,0.7577024268945287,-3.0952889345034955,-0.003968601939263407,0.0
0.2600000000000002,-0.40337990955364167,-0.4422333411933437,-1.0214299850034432,-1.568835379006749,3.4016146627831887,-1.7018690593187666,0.061576436248576866,0.02304991634226761,-0.09406244479872679,-0.046790681912696364,10.634224216316639,1.1157696264569832,0.040727168071036934,-0.06498460394968572,0.3065095027322229,0.7539875004000939,-3.082399630689255,-0.005442194310091174,0.0
0.2800000000000002,-0.4226156820751888,-0.4725498186619257,-0.916111282220699,-1.4499248803576146,7.614664883310191,-1.0048409484067475,0.05829081977707151,0.021058390771359504,-0.22913806229416875,-0.16475427710913382,11.375714500699926,1.7904762903618736,0.04353946875063455,-0.06658739305584638,0.305073400897075,0.7505987978048261,-3.07071970556498,-0.007076897607518822,0.0
0.3000000000000002,-0.439579753813001,-0.5005235508422335,-0.8026748359859708,-1.3394997581448111,12.107311868626445,-0.47918617570371236,0.052944998389113956,0.017038574983194985,-0.3043647060739184,-0.2524075330914739,11.835514003342206,2.633886012052409,0.046474910459898225,-0.0685759954055927,0.3037649858609995,0.7475665914379228,-3.0601439940673667,-0.008991793534663976,0.0
0.32000000000000023,-0.45407497860004103,-0.5261393553400786,-0.682145792892861,-1.2230697381936448,17.286476770449738,0.5344038285185317,0.046335250373317635,0.011407252562615895,-0.3228170334926178,-0.32159942957035725,11.763391220997033,3.45856553087939,0.04949658243731998,-0.07089208081115513,0.30257742917014074,0.7449045589110826,-3.050462120211203,-0.011419828462522983,0.0
0.34000000000000025,-0.46607910616577763,-0.5492404677190167,-0.550165460453873,-1.0957060906967369,22.50461916986199,1.9183680263748406,0.04389739404621157,0.005236041028629129,-0.03427592367149493,-0.3237859865719989,10.34954701459228,4.538270494577112,0.05256554766843374,-0.07346628131256336,0.30152361100016467,0.7426761242562536,-3.0412499251667513,-0.014378063224190609,0.0
0.36000000000000026,-0.4755083831928429,-0.5694762363488141,-0.3925696190411513,-0.9463178522263492,24.872998935635252,5.033469911216417,0.05031534569345511,-0.0003294303854733966,0.42589415354641375,-0.2755474423974996,7.537592184356309,5.73919652028824,0.055650927343932476,-0.07619488150577049,0.3006423769867623,0.7410076115937648,-3.0323615771853585,-0.017109825767120338,0.0
0.3800000000000003,-0.4756738432947388,-0.5849912505547854,0.35599135940317367,-0.6615958632092284,16.751734356374516,14.30188951111971,0.06624500701982947,-0.005706449184548203,0.7796819903736275,-0.2517091025212065,3.584191245509067,5.767113642693969,0.058830350675637424,-0.07889276065182592,0.30011508315783275,0.7402956281298462,-3.0239603299665068,-0.018212948958124767,0.0
0.4000000000000003,-0.4684203970671279,-0.5941432119249008,0.9967109770730137,-0.3215106144542636,1.1450256255781353,25.050063229810526,0.07626915605128132,-0.010499195160931443,0.5078486030191972,-0.22382404438391723,0.0615606185431643,5.77688326613825,0.06219429605799548,-0.08141913733170025,0.30019876482144175,0.7408131735093927,-3.016974522730531,-0.01723701360540399,0.0
0.4200000000000003,-0.48869206406077403,-0.5964296057354213,-1.2546323893071647,0.027323199382208063,-0.512951849730646,34.61790901821558,0.07148022723790419,-0.016551092752016466,-0.3179828563104961,-0.3280588071786882,-0.08459361102414253,5.291108964268368,0.06573955165867945,-0.08373458085029953,0.3008863623262273,0.7423230918104254,-3.012869375087587,-0.016177152105835584,0.0
0.44000000000000034,-0.5260432352634969,-0.5931232267913072,-1.7344829091842073,0.24606687549828718,-0.2618684066112249,42.291751364822325,0.06340567143575546,-0.023760135834898253,-0.35417878559262383,-0.3607040102358128,-0.05818006313142465,4.97500388629511,0.06944895071058246,-0.08584607544392128,0.30199047020109787,0.7445418703366226,-3.01097421258132,-0.015548775382051053,0.0
0.46000000000000035,-0.5577590095230213,-0.5868497152198705,-1.3288566769358512,0.35192034846759696,-0.14129775822790336,43.074156048089485,0.058698501102555596,-0.030825548599768902,-0.18154139148643914,-0.33447977165256476,-0.08078677851646687,5.10473809792585,0.0732590875480174,-0.08776838998623912,0.30328762704868245,0.747136245659246,-3.010190426509273,-0.014999103426811504,0.0
0.48000000000000037,-0.5779509905234066,-0.5791828310550796,-0.7968804119671195,0.3976317369257727,-0.177410102608607,41.70215217757024,0.054118117614932355,-0.03742744393998791,-0.20467468905798392,-0.30927579001646244,-0.0554600538798774,5.1064671958905015,0.07711808541572979,-0.08950801322651496,0.3046199615829941,0.7498098815110242,-3.0101824261915895,-0.014933943757905334,0.0
0.5000000000000003,-0.5870610493172314,-0.5708087009334589,-0.31869986619208474,0.41636837744318467,-0.24992407335766387,41.40425703041302,0.047293042823056436,-0.04361493409300025,-0.3164712680488734,-0.2840699652489364,-0.025869855470833425,4.807725964653258,0.08100832256595816,-0.09106760661138927,0.30587790139612003,0.7523374440927592,-3.010637205604381,-0.015457324270660338,0.0
0.5200000000000004,-0.5872827300782492,-0.5621023423010686,0.054157454300634046,0.42097134351122434,-0.12141889434138121,42.45393453368469,0.0383469703440521,-0.04943858764832891,-0.4068142591521129,-0.26659859451145174,-0.0002675399358061936,4.331164176831173,0.08493023369091156,-0.09244654810831597,0.30699687823299776,0.7545777311899607,-3.0112530036718734,-0.01638562872943601,0.0
0.5400000000000004,-0.5782319246701358,-0.5534165119820291,0.4723102795858662,0.4070856099835399,-0.19700041539032087,44.05389669310664,0.028568779575746096,-0.054940181836918504,-0.43603956384883213,-0.25030518799642826,0.003548962037884351,3.814609477784031,0.08888727239457682,-0.09365172298886552,0.30794322682122205,0.7564415972347809,-3.0119489966586,-0.017490974538623666,0.0
0.5600000000000004,-0.5607760566080398,-0.5451661331718498,0.835480603438473,0.37458746275505844,-0.2656263847611322,45.7490353425534,0.01918029567955105,-0.06015344744904411,-0.4118928942468577,-0.2374258311526722,-0.005172535808823042,3.2891078830550744,0.09287910386100184,-0.09469560226138109,0.30869524015905203,0.7578589602961978,-3.0128064650711623,-0.018609493803145093,0.0
0.5800000000000004,-0.5364707212137226,-0.5377252261300921,1.124834138782378,0.3232606851117166,-0.3162078433698978,47.46865074499056,0.01089700718142823,-0.0650935134370756,-0.36024709292082835,-0.2242594158567459,-0.020536470889148895,2.789442619223313,0.0969003142713499,-0.09559591054911432,0.30923422980607534,0.75877304500119,-3.014017659116829,-0.019715029788134015,0.0
0.6000000000000004,-0.5071874248936746,-0.531551323783216,1.328788215678107,0.24859431071921861,-0.342056445308486,49.273921028463285,0.004041181536994265,-0.06967669947083688,-0.29609655624868964,-0.2067377007917437,-0.03725177267707225,2.367378770793007,0.10093973972612483,-0.0963720454210343,0.30953527442089906,0.7591190948676116,-3.015843775736483,-0.020956928226547232,0.0
0.6200000000000004,-0.4747570671050832,-0.5277161587510077,1.4513695693139645,0.1043729945455559,-0.34677423158706633,51.272562790490106,-0.0011285879024973777,-0.07375156297640974,-0.22050212385219067,-0.1837570801294916,-0.05711148463027266,2.080272126916764,0.104982671547754,-0.09704333754829784,0.30955313190514666,0.7587879299047049,-3.0184709052041283,-0.02257400572346078,0.0
0.6400000000000005,-0.4404705653128858,-0.5277758569858709,1.5201136443387504,-0.1179893407562664,-0.3391412288488187,53.50575317585588,-0.004220671230800507,-0.07723177522813815,-0.12667017620507043,-0.15960916584030693,-0.08328469547793077,1.9941425789282545,0.1090172662539204,-0.0976284488030438,0.30922035533563313,0.7576434261573776,-3.021959252252803,-0.024781178081164004,0.0
0.6600000000000005,-0.40451251356363926,-0.533251088170443,1.5873105862924186,-0.41249402832144416,-0.32844945002584947,55.82803954350326,-0.005115000262818633,-0.0801071408867038,-0.016312444478327203,-0.13599536556949773,-0.06727190396311009,2.1141473824981984,0.11303571852914554,-0.09814806117042213,0.30847059390407383,0.7555709606692276,-3.0263302267240015,-0.027659546667806123,0.0
0.6800000000000005,-0.3656434026556574,-0.5454092350080518,1.7199981916467815,-0.7573632295200756,-0.3141924913059433,57.91773240773874,-0.003894613547108141,-0.08240573659279747,0.0594259115926794,-0.1137265691489988,0.053978077483938985,2.3832729983984677,0.11703022536726514,-0.09862476187215906,0.30724588090381405,0.75247708133149,-3.031571825708611,-0.03114915117140226,0.0
0.7000000000000005,-0.32194180571061726,-0.5649811248667913,1.9432194186354255,-1.1282494013611963,-0.29152651455839296,59.36220695441535,-4.866317928709581e-06,-0.08394884825663901,0.18313704696284797,-0.08143144049646933,0.02424191471349707,2.780285930340568,0.12098842424882472,-0.09907635813188906,0.30550151151225347,0.7482761131303604,-3.037706807527021,-0.035161951458162886,0.0
0.7200000000000005,-0.27225311388515944,-0.5916655109303077,2.212862665898714,-1.4604127820065753,-0.2607889520669886,59.81876609113824,0.005722558293260835,-0.08453836622417939,0.2571733578645036,-0.03203015647241857,0.013975413463296671,3.363749931720995,0.12489158256758112,-0.0995097310127591,0.30320506852576495,0.742897304380971,-3.0449820080072816,-0.03945457904422633,0.0
0.7400000000000005,-0.21573386259995836,-0.6244405845490251,2.520109771513112,-1.7412419628169067,-0.2386867240178967,59.12053241170265,0.01108329168823394,-0.08378205392515058,0.22835577527804346,0.018551912576863724,0.03267046666803891,4.365312110659998,0.12871408525850916,-0.09991414088887678,0.30033011722673114,0.7362701119689395,-3.0539100938775943,-0.04390378273963876,0.0
0.7600000000000006,-0.1598922730195254,-0.6609455318102431,0.4769989788079455,-1.736360313118845,3.3579432322050238,56.7742725994499,0.040199576731310374,-0.08041771781557737,3.043078570604462,0.239772531570559,-7.626077162071267,5.632406327226639,0.13240968998575012,-0.10023453004813476,0.2969892036155459,0.7286024836999625,-3.0643103025395817,-0.04931234320925204,0.0
0.7800000000000006,-0.18559840490247703,-0.6896337247412205,-1.6895478472402556,-1.1720550495124622,10.21198977328459,55.04732715519086,0.07389131778113249,-0.06995607398396164,1.0340649520583503,0.6111055489396224,-2.6044709806751016,7.5084543453222725,0.13579141228194883,-0.10018021443243257,0.2948361327256756,0.7227664276774936,-3.067353851437183,-0.05907584291825917,0.0
0.8000000000000006,-0.2181009445871826,-0.7060737808459014,-1.431196376598549,-0.5199764449413552,7.499754054358389,53.06177467283789,0.0881580733144333,-0.055349266922981116,0.5146558468343186,0.682674175900944,-0.20456374012108114,10.66153260243536,0.13871363844510434,-0.10000347812640423,0.2938862854048568,0.719094174738306,-3.0662864901904703,-0.0690580961730906,0.0
0.8200000000000006,-0.24057498017350137,-0.7125481367300875,-0.876436347058223,-0.11947457238502963,4.742045168543024,41.628116289639074,0.09662720462303724,-0.04316020464592804,0.3362974785144871,0.5281528540648714,1.532676979122635,9.62257371619078,0.1412070205356231,-0.09985703441539097,0.29387864724920276,0.7169387745669937,-3.0653140776437824,-0.0787117632106021,0.0
0.8400000000000006,-0.25343997466964585,-0.7214989098311182,-0.47810247208944,-0.4901404095271029,4.785054336009779,19.075005706707337,0.10311418746663398,-0.02562834680590563,0.275131101600541,0.8610153479298747,3.8899300737504667,5.86245950294095,0.14330505367733562,-0.0996183141270112,0.2943682289663464,0.7154774295549444,-3.062828155728513,-0.08856239947734819,0.0
0.8600000000000007,-0.2627072092764343,-0.7348742512660562,-0.44851920199065204,-0.7024866679461877,2.474732678257835,8.004478665887204,0.10785063086798465,-0.009831441938284016,0.17181056513196866,0.6976489893388974,6.462438147961567,3.5187734315879324,0.14501700573363407,-0.09926581633784978,0.2946709838070131,0.7138632062438246,-3.060388263019995,-0.09712751899209708,0.0
0.8800000000000007,-0.27173867781658484,-0.7458982534797703,-0.4417208920228673,-0.5006543444007134,0.5578041931395642,5.786996126745937,0.11025869083938886,-0.010405970138360938,0.05203682035005942,-0.17104359681217313,7.773413560941541,2.9285690454884894,0.1463027550220843,-0.09885724794763845,0.2945034714837209,0.7119620078522166,-3.0604192304353566,-0.1026683199476782,0.0
0.9000000000000007,-0.2787245587742582,-0.7533250781781,-0.2647029861164413,-0.3576646511521887,-2.3535609191159907,5.644966166133344,0.11186113514290986,-0.024524993796165472,0.04891486595720113,-0.7584918093068723,8.432240710579544,3.2067612529596623,0.14712191457762755,-0.0983658223763738,0.29393238155791346,0.7100611699688748,-3.061404106513248,-0.10540661093515087,0.0
0.9200000000000007,-0.28344091018996626,-0.761648734862858,-0.1865612389198756,-0.5729616677657812,-5.175880462366905,6.262394243719094,0.11408043557552688,-0.03987551238559391,0.08475865410107347,-0.46756616860384737,9.084550802257251,3.6700427583225244,0.14744646014696317,-0.09779398966302333,0.29297157891561953,0.7082556002172813,-3.0619604965992995,-0.10586086059830113,0.0
0.9400000000000007,-0.2861141194476118,-0.7790213620303413,-0.07475004992577139,-0.9598513836558736,-7.023402419793884,7.055063037338566,0.11555672382785362,-0.03872632001701584,0.03262256992898515,0.05623262079207858,9.13210687386349,2.365332433630739,0.14714665316726822,-0.09726331720353809,0.2915795705167182,0.7064114487146494,-3.061790878201852,-0.1046631671127745,0.0
0.9600000000000007,-0.2860447601002438,-0.8009881119483567,0.06571188093567877,-1.257815903394236,-7.734257208793053,7.038971418780815,0.11422053014020445,-0.03869416124204496,-0.1280882322849006,0.08248855974422026,8.565333950763065,2.9677595575666533,0.1462577762109069,-0.09679557680380822,0.28961468413863783,0.704362923416034,-3.060154177441986,-0.1025974676443939,0.0
0.9800000000000008,-0.28220837366448726,-0.8257447260386954,0.27466979834186894,-0.6409645349185187,-6.895468274891549,4.281280699624264,0.10541535420722092,-0.05021493994031584,-0.532575802177411,-1.8634455785365294,6.953605032682557,8.084369367680186,0.1448511682954414,-0.09640539180391418,0.28692487643650644,0.7018561131481126,-3.056143389497255,-0.10022552558069865,0.0
1.0000000000000007,-0.2721676313331918,-0.836633833041311,0.594513597807376,-0.5217396245945936,-4.100425166565874,0.1165392630584614,0.08507992244583443,-0.06750527735749656,-1.0791774183376714,-0.33874478450524925,3.1706866483272576,6.234771415125727,0.14260942001779434,-0.09709744428433029,0.2854677119139624,0.6991526860131048,-3.0496596919780896,-0.09679586854064037,0.0
1.0200000000000007,-0.25613494562045586,-0.847028905874036,0.6944373759087329,-0.49391577600409375,-0.8578007812479391,-0.8605371801499875,0.054411080532902355,-0.06920622179914504,-1.1057526943306357,0.018441809979352707,-2.305632822671324,5.812817806350202,0.1399404503977931,-0.09848776462026178,0.2848648855386736,0.696772013600935,-3.0394443889589087,-0.09263502861763652,0.0
1.0400000000000007,-0.2663330757014446,-0.8447832973301204,-0.812928164367854,0.540024904795515,-0.6581187603196321,18.983877182810243,0.02217025270961618,-0.06330410547821422,-1.5224762912804637,0.31478961870069627,-0.734859950380959,13.836507080664925,0.1375124859616288,-0.10014905642276627,0.28507924306942317,0.6973331728869709,-3.0329913726208817,-0.07999387314872836,0.0
1.0600000000000007,-0.2884903983024291,-0.8207736699969912,-1.19531403006543,1.600407283556178,0.2516827262047969,40.996405787015334,0.05094817733272682,-0.0590394535725981,1.5185489784950574,0.12305538679007422,-0.5233525291900785,13.781383452633087,0.13558224705871197,-0.10193133768011432,0.2866218266764333,0.7017310531349186,-3.0326253540165125,-0.07254038968672084,0.0
1.0800000000000007,-0.3243951524884918,-0.7830036957146681,-1.6691588374221051,2.075468149883871,0.6528285609229627,46.38950574241448,0.08672146861783049,-0.05691195466449226,1.5838335746130563,0.06623040713261473,-0.39456736580366103,16.041600028010965,0.13383696321395377,-0.10372232975558779,0.28917339985515567,0.7087182061452193,-3.038005971034826,-0.06630077082142077,0.0
1.1000000000000008,-0.35264691158483563,-0.7408007500083998,-1.2408035785434748,2.0847654197445737,0.0203799898780197,45.01319897145576,0.1111741858283614,-0.05126130762443413,0.9828182121127664,0.3487798541227073,-0.28411352815147506,16.152720249770073,0.132275226806146,-0.10554951973854242,0.29220910994758353,0.7164871049545777,-3.044753648410607,-0.05986481955714003,0.0
1.1200000000000008,-0.35647363477212257,-0.7002520366142821,-0.05439319725673918,1.9185033259710593,-0.09156846402119219,43.68738455749378,0.12372622178209573,-0.033493867381343786,0.5349046505308435,1.2165659447103048,-0.0645300403549709,18.284860191057117,0.1307312103792409,-0.1073838939385601,0.29512793738783777,0.7235798726257623,-3.0536969524479,-0.05598620004541797,0.0
1.1400000000000008,-0.3373931132160651,-0.6665224921816622,1.2745384366435335,1.501956400855,-4.330616082440837,40.59777247389991,0.13276294213936107,-0.0032254222278991756,0.3393923463223926,1.700133258264929,1.345895399145923,14.879456492015027,0.12929435094913302,-0.1091657098178954,0.2978663867052274,0.7294536123056804,-3.063858159885007,-0.05486331580229991,0.0
1.1600000000000008,-0.2670347712912684,-0.641167796311671,3.6396437270738105,1.0517723454957248,-8.943565319593551,32.74595099858361,0.13284998030986972,0.020055429137404577,-0.1442843993895571,1.0235916103145541,3.673862400677018,10.53468264234685,0.12807427584800238,-0.11074691892882767,0.3002834960249065,0.733689456325204,-3.071946019432028,-0.05588304598311235,0.0
1.1800000000000008,-0.1662091402318798,-0.633532777677549,1.9149025343327162,0.05544022148142739,-11.41236819434327,3.5094102472498445,0.13447820505896046,0.02687671260508748,0.20444877799643438,0.17877881863605558,8.038543731993727,2.544662363854703,0.12681132882255874,-0.11215475548190772,0.30201685985343946,0.7355806147604738,-3.070665587481753,-0.05860508807241483,0.0
1.2000000000000008,-0.159633994657717,-0.6329555251117421,0.10421668844587476,-0.1491758921342529,-5.795845188773435,-2.368657930217944,0.13130638013654317,0.0008987200685952393,-0.4038229601614488,-1.3596441034597098,7.5113796630935745,0.6861478927283389,0.12539041787653823,-0.11313303083731868,0.303380173158381,0.7360157759019187,-3.0610186884252313,-0.06551332866290156,0.0
1.2200000000000009,-0.15554877161610126,-0.6527641137723598,0.3399386362550102,-0.8131120541996432,-9.73111404500166,-1.0754788222708562,0.1242671151464751,-0.004111641935097778,-0.3161045066400522,0.044910692957725686,6.5922334089291805,0.6146913483643017,0.12387536746448999,-0.11393214086264633,0.30374971652386523,0.7349721904993902,-3.0498684118305404,-0.06763238657563331,0.0
1.2400000000000009,-0.1462649610871759,-0.6685281763802209,0.4664437048492836,-1.3469941723510523,-12.024520236184149,-1.743623800176211,0.11607880583519113,0.0029214412725614035,-0.45519287946109854,0.3305696228765017,5.473624641861607,0.30653976068907385,0.12227431813586491,-0.11479816156854131,0.30253167698637917,0.7331264765506519,-3.0400993482567937,-0.06487817977599701,0.0
1.260000000000001,-0.14010447505756576,-0.6874495957893562,0.2133414110649843,1.574619346616707,-13.965670923760984,-8.086262740804045,0.10116896940161564,-0.010159268008977703,-0.7964176720336215,-3.13068223973227,1.8713379614922976,4.921795775191067,0.1204902047108368,-0.11576148125032217,0.2995518845737091,0.7317387708823553,-3.0327352825429372,-0.05722434362903035,0.0
1.280000000000001,-0.16369630325507548,-0.6581058934280068,-1.6518288661253748,1.0901723474598326,-9.452192141903048,-6.169532420465514,0.0800516889935188,-0.10375376811109181,-1.0855266086663187,-2.6498265397313867,-1.2367957975239507,8.040463618754476,0.11864405135659395,-0.11640464384026862,0.2973164164552554,0.7321074575787706,-3.029003396956074,-0.04261412975991063,0.0
1.300000000000001,-0.1839106875871419,-0.6407745482582887,-0.9469044158597559,0.8451609679663122,-1.08387888253743,-8.900930241083818,0.057840367097791286,-0.12712644233185424,-1.023280625071563,-0.5226979382809549,-0.04517365935609652,3.497512985987699,0.11667459292646792,-0.1173814138048519,0.29812243161996427,0.734848942239178,-3.0272074504758044,-0.025925355715624005,0.0
1.320000000000001,-0.2016155122576076,-0.6207296636118906,-0.6919267501600525,1.1288135000584414,0.09724590308784364,-8.235006363802768,0.023349923286868107,-0.12992800443015967,-1.661552671070779,-0.0059736125623647725,0.25239951089319534,6.241896098932369,0.11498130332134979,-0.11866089712028291,0.3001712924282377,0.7391376726585818,-3.0276903313321335,-0.01092400220221154,0.0
1.340000000000001,-0.21947982708911984,-0.5995732538155716,-0.7457860394383911,0.9712067755669364,-0.15190277739734293,-2.4613874625018997,0.004061369565028615,-0.13189699028863253,-0.7074140870970683,-0.12426063995431119,0.1432512185846111,4.358199049794927,0.11365276150161696,-0.12000867406372263,0.302370294146467,0.74317390226903,-3.0268103222722402,-0.005417801234678288,0.0
1.360000000000001,-0.225147831276457,-0.5747258489824942,-0.08484829049709934,1.3995285459058393,-0.19688571490741982,-1.5845919782076705,-0.012425192812909769,-0.13329622197630372,-0.7149446769878041,-0.09176395779950446,0.050941075367005206,8.856171783868506,0.1126787836272624,-0.12138610335552952,0.30438961492284006,0.7472383416299044,-3.0291266381658972,0.0006307640949029483,0.0
1.380000000000001,-0.23249659462679828,-0.5523295106922449,-0.3764021090126856,0.8427149914395407,-0.36065389906947287,16.006372004850398,0.015565483984951015,-0.13970883296874814,1.5407696623900884,-0.3415444627071147,-0.29446051923656524,3.78947228013221,0.11200889410252308,-0.12280957463187858,0.3061463438940112,0.7505855218176044,-3.0268551304161733,-0.0006103537899931245,0.0
1.400000000000001,-0.26061838467620657,-0.5306196815510705,-1.4064444292386051,1.212834146642483,0.00777702536992031,15.47409629254485,0.04397100591578649,-0.14331526438343384,1.2203352374643055,-0.13943029652432906,-0.17082662872691579,9.398491924148628,0.11154265622496273,-0.12423518525051197,0.3075335435857291,0.7536295856018124,-3.0247250556254506,-0.002038465558002121,0.0
1.420000000000001,-0.28080405374393563,-0.5080399411850697,-0.7790808725541848,0.9936530460984769,-0.011044325830682489,31.330644992867462,0.06217947239437819,-0.14795149808273542,0.7129675442102207,-0.21838652980385115,-0.2498800763693021,5.722581479610888,0.11127791097061368,-0.1257886250877683,0.3088686777027113,0.7565928523397806,-3.0225087639613037,-0.0016679005943344228,0.0
1.440000000000001,-0.3030217685713703,-0.4865669796603089,-0.9961997003101829,1.087632791476513,0.02665135517119044,29.905377276951352,0.07423060031002865,-0.14943801008114324,0.5049880194423244,-0.032798950609830874,-0.016842256201735406,9.676585503506054,0.11109917525188164,-0.12737866224787026,0.3100679755896628,0.7593347195265067,-3.0198280385390497,-0.0030203696571127385,0.0
1.460000000000001,-0.3188793905212713,-0.46611837456438343,-0.6400682370671804,0.9182887318665605,-0.0577698623405174,35.12017766844532,0.07701838930770737,-0.15080230098411201,0.03498921533869619,-0.08273067588591065,-0.11950565319722944,8.853717487246888,0.1109919609129495,-0.12901059414004867,0.3111002380391939,0.7617250190079984,-3.0177884565259885,-0.00410878669483367,0.0
1.480000000000001,-0.32665402866614324,-0.4479510714674195,-0.2868338194021052,0.8514844504217132,-0.1991936425649704,35.2830263673146,0.07748899947084013,-0.15131257460558445,0.017200788627313078,-0.012406775758914943,0.08447850742924225,10.910501089981684,0.11092916193381105,-0.1306451274826695,0.31185544933994686,0.763599902181158,-3.016297392040022,-0.00646209536146186,0.0
1.500000000000001,-0.33056515069811154,-0.43159986174322346,-0.17864200156649548,0.7325358957709692,-0.21552283839135705,39.03031290973894,0.07777755471781636,-0.15086859266703578,0.010309065084272023,0.023119739911868272,0.035326149148131716,11.572730193720092,0.11089295876791919,-0.13230045968621018,0.3123238380629593,0.7649160700531563,-3.0161701069423925,-0.009798340935377951,0.0
1.5200000000000011,-0.33102524001680095,-0.4174952982039625,-0.003152287729797159,0.6305589104987813,-0.12849039010438307,42.74112572699895,0.08174224391962259,-0.14898034844955538,0.19389938192780168,0.09075567593791808,0.005663889375213227,12.805335164448522,0.11086508838699764,-0.13399509852438443,0.3125116899183045,0.7656783863048684,-3.0173798638809872,-0.014177125099472977,0.0
1.5400000000000011,-0.32745529357266046,-0.40651288805214675,0.13306818905254988,0.4496321883081198,-0.034058219389270894,46.43591466751705,0.08745520809851386,-0.1454884679252656,0.24842986354111582,0.15861703613537387,-0.025298201981693302,14.076151765709097,0.11080990575007474,-0.13574874057265424,0.3124189036910301,0.7658417995508322,-3.02025632346355,-0.019793937101613753,0.0
1.5600000000000012,-0.3168270520057784,-0.40019022182684705,0.47324932833733574,0.20204303010076433,-0.04321151857722594,48.70466865532109,0.09235238120382668,-0.14063021854127394,0.1975669212201512,0.20318752385633204,-0.006895733690956474,15.640230640574531,0.11069831439743272,-0.13756517561198445,0.3119994953268032,0.7652650794787723,-3.025222417028246,-0.025748995480688958,0.0
1.5800000000000012,-0.29566740459845287,-0.40018047066533585,0.955052189290693,-0.1342570625640891,-0.06502511056658156,48.94414602154986,0.09359398328129036,-0.13542079474329613,0.012803824621720476,0.19418799269487005,-0.10030264964692995,17.11121794603896,0.11050799548822458,-0.13942801464360768,0.3111636011723558,0.7636940848593581,-3.0331081403022124,-0.031036964041051513,0.0
1.6000000000000012,-0.26744047021819667,-0.4082044128465864,1.2133252792066198,-0.54046617609078,-0.06518287313351712,47.4362615913586,0.09039811360220848,-0.12998764255467737,-0.16750891645085447,0.2234049973770979,-0.03487496347501612,17.148123502468888,0.11022274697362515,-0.14130734013546986,0.3098181981041662,0.7608471382846639,-3.045009289961725,-0.03478649455535116,0.0
1.6200000000000012,-0.24209035045869565,-0.42540294786200095,0.9945581472870949,-0.9943368953328217,0.027626939203797107,42.63273175140308,0.09057591472354348,-0.12944913048263265,0.054525226630876895,-0.12075895382988194,0.2524715115048316,14.796821436261663,0.1098409921238292,-0.14314326908055683,0.30776435307126365,0.756144671458642,-3.063094940652849,-0.03673828752123096,0.0
1.6400000000000012,-0.16350683685255193,-0.45271665106308734,1.1716271935338325,-1.3350275346632456,-4.611510831905768,27.559922157741003,0.134113520479784,-0.13204917671407518,1.5221987406051118,-0.002219312738726227,-3.8928478795627885,9.572788233915281,0.10967465812539787,-0.14482342230204992,0.30564248395007426,0.7509273430634873,-3.0775286858631,-0.04020546602521018,0.0
1.6600000000000013,-0.17725841641956988,-0.49545763153833855,-1.1711605554672642,-2.3477349347209784,-3.061385021271492,7.991357474141989,0.15455662499988557,-0.11576910808014376,0.726764830020292,1.0373538924991774,0.7972270539258515,4.6288384778308105,0.10984088589146793,-0.14598146718703098,0.3047460419612224,0.7468940660983282,-3.0746780003021756,-0.047705569856407816,0.0
1.6800000000000013,-0.2026056830336992,-0.5376065374310226,-1.1872021066615588,-1.920835563887984,-3.3164770670880355,3.8738942399899203,0.1685681606592748,-0.11348584852081944,0.6084610056350148,-0.00957822638842391,5.737120808211758,2.6122845921008815,0.1098569538481764,-0.146966699518027,0.30395338909006964,0.7424702798999281,-3.06477228031867,-0.05556541394467715,0.0
1.7000000000000013,-0.22542456744465567,-0.5610018917310455,-1.0562269527898114,-0.9272756367855863,-4.550929750863558,5.038272288974438,0.1805662674858602,-0.14685876194680939,0.5058409668250926,-1.710140372653997,8.275565791945434,2.527835519272414,0.10961844505315718,-0.14795864481649906,0.3028759622284617,0.737914709255305,-3.056072329641106,-0.05941795352738359,0.0
1.7200000000000013,-0.2461834452054162,-0.5763558231376181,-0.9666077191875792,-0.7530831027764607,-8.523083818069901,4.620687056050724,0.19128778319688222,-0.1832255556317014,0.4653933166658879,-1.5606941942978978,8.475806866898338,2.3749222641393066,0.10916719763241534,-0.1488740986226355,0.30152533680163063,0.7333878505998132,-3.0494788444021195,-0.05852984612027527,0.0
1.7400000000000013,-0.2658299179793645,-0.5934688770231641,-0.9388178067195486,-0.9019087550378486,-10.172614818095154,5.154186973727929,0.20110213201981642,-0.20406466866232223,0.4181953456570411,-0.7847584769858963,9.1511090629447,2.2219933114713597,0.1084881504356388,-0.14965786106617104,0.2998839935417807,0.7288879006862141,-3.0449089490815604,-0.05417373209883341,0.0
1.7600000000000013,-0.2842232286347562,-0.612925573953903,-0.8628674675281783,-1.0227044197920079,-10.636739489311559,5.406869067721795,0.20819364269777438,-0.21488530197437233,0.2717583431437419,-0.41938225640810595,9.339815450054186,2.171167268878011,0.10755042425655001,-0.1502754543882745,0.29790695820032354,0.7242975594760596,-3.042077938085634,-0.048289173409061845,0.0
1.7800000000000014,-0.30074760687411695,-0.6352214342481755,-0.7682273359991588,-1.2171206431319883,-10.79610664828617,6.165585227933068,0.21264678231751172,-0.22106813619578167,0.15877755014520367,-0.0816569851987512,9.698291252654046,2.076690409320526,0.10634969931092374,-0.15068663311048505,0.29557853833286446,0.7196539949606953,-3.0405563954806643,-0.04139704361981244,0.0
1.8000000000000014,-0.315143490451877,-0.6597816786413454,-0.6566913314328413,-0.979478574545496,-10.931387659446573,6.278121040397576,0.2142201805057739,-0.22250668859235717,0.027137259292792336,-0.5303101975337317,9.483376252150256,2.654735462526607,0.10486134951950225,-0.15083734227039902,0.29292796581869707,0.7148411793575968,-3.0391988682734654,-0.03436798575839292,0.0
1.8200000000000014,-0.3270762928226804,-0.6719469839842244,-0.5308651758995145,-0.43290117014022816,-10.7610199535649,4.838806222542331,0.21365072272825586,-0.22943944377098335,-0.07066633182515918,-0.1488612237552982,9.531892009495284,2.21859725831617,0.10304414173820896,-0.15067946425715503,0.29084792750330213,0.7100743450258375,-3.038215815109749,-0.026862673621601045,0.0
1.8400000000000014,-0.33496043739730724,-0.6810650525868118,-0.2851422193824124,-0.4425137960355886,-11.44769045009457,3.3289019957603125,0.21031980373763115,-0.22823786367591395,-0.1860671360285855,0.12514696513032494,8.47063876867072,2.2910162109765095,0.1008884647845845,-0.15035052991256667,0.2894497254590235,0.7054261594720794,-3.0359523289227592,-0.019852381393972104,0.0
1.8600000000000014,-0.33654027342330384,-0.690307113650198,0.05870927455784561,-0.4176603857902922,-12.915227572111865,-1.182886738012833,0.20376870656174892,-0.22146009680660123,-0.3312553390118832,0.3379601129946056,6.872449628989546,4.0290909370516905,0.09844860577529353,-0.14985976801517295,0.2882885554184075,0.701175201030193,-3.0313426177200156,-0.01371912076228526,0.0
1.8800000000000014,-0.32785586056773347,-0.7030402133309354,0.6438607809647787,-0.7363126005933801,-12.909942590141695,-7.119908906006301,0.18903377446573552,-0.21081708256415757,-0.7641420251005748,0.37479909664095695,2.22665675835007,6.53109372890858,0.09575780822474125,-0.1492087197282962,0.28732253985625167,0.6974751387354622,-3.0217625022991426,-0.010504179535036256,0.0
1.9000000000000015,-0.30959322990071375,-0.72232386153357,0.6499474507458934,-0.4959727759546233,-7.047031569648785,-16.683981764797515,0.15057909529394847,-0.2074910579205838,-1.5483333053279609,0.7857780760025945,-6.378868449596851,7.381901010185517,0.09284202427697555,-0.14852927586772907,0.2864306100485535,0.6945666891965464,-3.006018694688408,-0.006263583330680509,0.0
1.9200000000000015,-0.28920869901116636,-0.7314069876722293,1.3091173452504345,-0.3867878625479479,2.726036600977512,-23.256559201574387,0.10262051459764224,-0.19714869464900925,-2.712514818387965,0.5468198111232419,-4.347894417543387,4.219753402419885,0.08975752981232576,-0.14803954558979762,0.2858611222740292,0.6937473001965732,-2.9843249187779053,-0.0031918924814446767,0.0
1.9400000000000015,-0.2582544464429088,-0.7231891962561137,1.64548887489748,0.8700693067003918,-1.9677953330329507,-22.712860387601033,0.06556920763161829,-0.18312316009339405,-1.7572734584884273,0.5488206802243779,-0.7770538133939517,8.697305146834369,0.08681484371833867,-0.147527605631977,0.28665920846142817,0.6972686925767582,-2.968420477961446,0.003962947518448004,0.0
1.9600000000000015,-0.24217564704682318,-0.6973464694328035,0.23412885799110406,1.5820074488397124,-0.7347192296376528,-20.214267103933587,0.026036859829487526,-0.17605199471491131,-1.6630023310275504,0.2491943551681978,0.7806277950070775,8.94786619355822,0.08430923540387475,-0.14724525013955927,0.28888635900611653,0.7036240311427632,-2.9656890448886286,0.007343225545140722,0.0
1.9800000000000015,-0.24989681583006826,-0.6654160094232787,-0.44168860190362047,1.7416085854249037,-0.12663717388247597,-30.42448412945887,-0.04562154981394605,-0.15650543398791084,-3.370202875461233,1.1357528064262308,0.6042557696263593,17.6737221118652,0.08216406807038647,-0.14729381507629588,0.29231630217480725,0.7124374482957974,-2.9763690969198238,0.011836849263817385,0.0
2.0000000000000013,-0.24645758444942512,-0.6236354067057837,0.34817931010180264,2.0974653636384772,-0.013591388391403392,-7.442170476207313,-0.04368307142962432,-0.1513632768707365,0.699831720926395,0.061079419199893,0.26381206194678697,5.021054590088073,0.08040193029611115,-0.147401261394048,0.29607018906489047,0.7204076558312903,-2.983296845933346,-0.00016343358731471793,0.0
2.019999999999999,-0.20912946994872486,-0.5821363054001361,2.153448450444498,2.255237869847195,-0.11112989428563935,-15.631521508739922,-0.0701137243033869,-0.12467604309371236,-1.4300222964477134,1.5832737027134778,-0.023772829502731962,25.314338130932622,0.0789277402721479,-0.14751218902921953,0.2998723794013837,0.7288753547388274,-2.999063746692691,-0.009499963121141606,0.0
2.039999999999997,-0.1975046895102223,-0.5300837907380775,-0.012068925485063609,2.46939990725481,-0.9438645397154969,14.244328884928183,-0.007399167757095018,-0.11532773033676401,3.4132440211554287,0.37581616527463124,-0.9072523162765052,10.536254329589898,0.07758697643488918,-0.14788594430525243,0.30395868224313605,0.7377866599211603,-3.0088555977372193,-0.021719225258453777,0.0
2.0599999999999947,-0.256424428161117,-0.47947829995149494,-3.3266479177587542,2.6406461477395378,0.3559895988036992,1.0103984464383942,0.048141877240263795,-0.10880473182147005,2.30871828794184,0.16203479139681687,-0.4416135087426323,19.684922744104085,0.07636779379103902,-0.14812419963060888,0.3074669995237587,0.7472422972372116,-3.0150440318913385,-0.02786589836652661,0.0
2.0799999999999925,-0.2985402659403525,-0.4307287930616956,-1.6571371726410864,2.093259128628434,0.5345703614032877,12.108479716175694,0.07201358035425083,-0.09338463696684335,0.78025611267536,1.3320802502931994,-0.3711227338418779,14.76138880704264,0.0752387965207882,-0.1485702096772159,0.31093024234637523,0.7564268238950496,-3.020138354864592,-0.025259859790860525,0.0
2.0999999999999903,-0.3492901277590127,-0.3883141940563743,-2.339584149736292,2.087097926817264,0.8401670973595463,10.928683834034683,0.10191965808209173,-0.059802248870046676,1.4064042975101139,1.8563756054429539,-0.22754193705001446,17.806178440325723,0.07409508084511383,-0.149175427932659,0.31407429774699824,0.7642721483821657,-3.025031519903888,-0.018413785650089033,0.0
2.119999999999988,-0.39112337221722393,-0.3517220641621071,-1.8238057948853923,1.5137936538346994,0.2075753379088714,15.27059070045549,0.124486853636515,-0.01642406074614261,0.8880107707541145,2.4195704741898614,-0.2745243565645905,14.020047067184944,0.07286954610053735,-0.15002895758885249,0.316882659168729,0.7705884764163582,-3.030139216477978,-0.01123525776474733,0.0
2.139999999999986,-0.4185742674807462,-0.3234323556223717,-1.1236156734180969,1.2661835878401724,0.18577804489120053,14.757977311735523,0.1404200833658531,0.037869691383028724,0.6467445228127653,2.794769574305378,-0.1006176224784947,14.114611571821966,0.07152319572801207,-0.15107726950692205,0.3189937939781609,0.7749897408937536,-3.0366540227256755,-0.007770855441180776,0.0
2.1599999999999837,-0.4383573780428921,-0.30525601353217874,-0.8807779930630613,0.6104392173622046,0.08703334002361718,15.397106767119993,0.14991466999463968,0.09714929470432636,0.35755802702683037,2.9511804771375605,-0.0428316137770095,12.33635710248219,0.07005805320142494,-0.15235408497163577,0.3203519334074658,0.7773310256219746,-3.046617527952434,-0.0048587562448003975,0.0
2.1799999999999815,-0.43391748225980087,-0.3123337847237706,0.32622439370783607,-0.8635092635707043,-0.05307942212986383,0.7179277578412655,0.16792182219271767,0.159282082488302,0.8528403318635457,2.958653946467829,0.05787040730687232,8.465960603297685,0.06855763392821636,-0.1538135472230406,0.32055541514857605,0.7765595121944024,-3.0589722405520052,-0.005105072915507648,0.0
2.1999999999999793,-0.40211381090350923,-0.3713916863529642,1.8823938863484584,-3.5721700848097186,-1.3509157314821314,-16.663509093408955,0.18880570883954015,0.16687438930902973,0.8260565226123269,-0.3321018015337932,0.6832721571566454,5.307904772159497,0.06715085679711436,-0.15532706142480893,0.31900682710525646,0.7713859533723281,-3.0744777296763752,-0.0030889814482408444,0.0
2.219999999999977,-0.20856459304878402,-0.41958796911645585,11.294420054493829,-0.23228955342683621,-17.876938575211227,-8.798611909621405,0.19572742059863574,0.05515350018492077,0.07939845150643315,-6.117920151581989,7.856048082061369,0.8094686502937467,0.06617980409236512,-0.15718775023886364,0.31571965172000543,0.7632951261279015,-3.087825317388491,-0.005571044309478829,0.0
2.239999999999975,-0.16470282305715056,-0.3759766459814108,-1.1675690798407645,1.1078335661320207,1.154478595311555,0.5020296895306844,0.19855604397350002,-0.11598879899447755,0.1293753877168001,-8.21049827401761,12.462922912582329,1.971613041447167,0.06576862811136311,-0.15944443570460573,0.3125938955440288,0.7581524675264878,-3.0849363351139556,-0.007836097992018353,0.0
2.2599999999999727,-0.2043270418574047,-0.3938008116205433,-2.026774724856877,-2.0051204886172505,-2.323462166957113,4.961419347461771,0.1995600415882293,-0.20142399663256144,0.030767291839717936,-2.041131467089895,10.283969653825169,0.9956751413763856,0.06522100618210395,-0.16137842502386507,0.30996328631683334,0.7543500383131962,-3.0681277722327396,-0.001545706557404642,0.0
2.2799999999999705,-0.2384706918325599,-0.4475298986836387,-1.4130396005917454,-2.8616847521465236,-3.1636335588069016,6.221984160768322,0.19814036376380792,-0.2115397923699522,-0.0950782433182222,0.05075390229876804,9.19045631046862,-1.956774853976854,0.0644920007561948,-0.1629629253941969,0.3069215893013541,0.7506987002068999,-3.0499319113914343,0.008831295379341124,0.0
2.2999999999999683,-0.2648805287570696,-0.5028426408026865,-1.2143139146121402,-1.808094110215393,-2.7082577499183613,1.2126952059913179,0.18523844110767337,-0.19688928145398576,-0.7684815760494281,0.6847878136752341,1.477338769163402,0.64283856712267,0.06376665253337951,-0.16416659259518693,0.30323445863940357,0.7467986084715924,-3.034564019919126,0.021212894211053466,0.0
2.319999999999966,-0.2926312902407431,-0.5212921534046355,-1.2545040202090552,-0.4252092800451106,1.7212965946423684,-11.874598846208352,0.14064916985300996,-0.19044238779331116,-2.2495089150089784,0.09856093933838445,0.3032224780589221,4.695930692383429,0.06386033850810395,-0.16489730385414342,0.3017337484995064,0.7442444409121001,-3.030383107791996,0.0363795500843839,0.0
2.339999999999964,-0.30553452940327813,-0.5209963858198269,-0.08194068164207381,0.3358213572302683,0.25718436819137763,-19.431495803096677,0.10648378709082033,-0.18962771156093516,-1.4627046467365163,0.008233239558272158,0.32042770035067303,4.0658660689031,0.06431431648368587,-0.16561065161049632,0.30181103404908405,0.7444248456123963,-3.0337365744315914,0.04754879394226346,0.0
2.3599999999999617,-0.3107031151689967,-0.5098472504674936,-0.5994411663643788,0.7171217796600803,1.6835740958327592,-24.13166278006349,0.05246927181702612,-0.18287357747225488,-2.5104584988678225,0.4676822534878763,0.4817573505472419,9.074274447502995,0.06497788434740522,-0.16640120910794737,0.3028791465767967,0.7468967516702057,-3.040720320248558,0.05394229567766022,0.0
2.3799999999999595,-0.31541020235894046,-0.5009963148420108,-0.06510531011546436,0.23906630003578394,-0.16440766334484191,-7.513683634143537,0.03642420114619504,-0.18172259889908715,-0.34039695618954835,-0.15236475932623572,0.19926518247122038,3.7151669548220028,0.06592699695821837,-0.167128256376501,0.3039073394149874,0.7482194833247223,-3.0419369879445117,0.03960658179515517,0.0
2.3999999999999573,-0.2830124094675557,-0.48764408700213263,1.951871163449743,0.9856284069446855,-0.42307711871083686,-5.574428439277944,0.036365913611720695,-0.16837712884849207,0.08674779810420563,0.8935962694906725,0.03812122670924345,19.152204091254205,0.06706909338677823,-0.1679235624895474,0.30477145753777946,0.7496683578643145,-3.0513338318165393,0.0239355256121483,0.0
2.419999999999955,-0.2892971410924434,-0.4576820330670181,-0.8854897742286075,1.5901204700711253,-0.798767702730034,33.658753018195625,0.08139653309705797,-0.1665678060791364,2.2611213496572677,-0.17445991087031643,-0.7331571184824393,14.953345194856606,0.0683833241039614,-0.16893547844967088,0.30604401221222594,0.7524251076243991,-3.060626243093237,0.007769999786748568,0.0
2.439999999999953,-0.3368202712310222,-0.4207510470525498,-2.4561799261551607,1.9690383348710092,0.08049535016722942,38.41969688194782,0.12067109691722681,-0.1614126411334744,1.6512876918531152,0.48649978129951227,-0.43263742858473586,21.76507228880763,0.06977055199108627,-0.17000317703381584,0.3075953441683251,0.7564523241259747,-3.0688421978010614,-0.006170551922441322,0.0
2.4599999999999507,-0.3671065599818255,-0.38535873127292797,-1.1463486759882648,1.5278886393359397,0.21877800497076816,41.86594371168399,0.14340579401191653,-0.13499515325162387,0.8650269460184472,1.8330779324028117,-0.43340948323172257,21.515101698269376,0.07107460498371442,-0.17141295073825136,0.3096459626260995,0.7608088788672004,-3.078589917094193,-0.011358784786505271,0.0
2.4799999999999485,-0.37569713384710723,-0.36137466740771046,-0.26550710199303723,0.9090625032194477,-0.003577710654087629,43.308923877934284,0.14837526031233308,-0.08561310537594159,0.06734500380346521,2.809079866520562,-0.16282495930800617,18.235531571339536,0.07220363702029088,-0.17312063524479343,0.31173377473760516,0.7641913312945021,-3.087749858055499,-0.014254392515996946,0.0
2.4999999999999463,-0.35670984821376445,-0.3573488000888352,0.9757905342666063,-0.24556477390637613,-0.00698534552979968,35.3030455912664,0.1538338781226555,-0.036929984148254914,0.2775875784366193,2.1767763347318554,0.18361944891299697,10.963319010395596,0.07317529775050083,-0.17495700694352456,0.31295039193129726,0.7649889062372826,-3.099304482205864,-0.0161109344861277,0.0
2.519999999999944,-0.31938956255391043,-0.3924973615716025,1.6242325808612454,-2.4605154764249195,-0.08508449095025972,8.271865491678348,0.1726066576199454,-0.009022737902671798,0.9728337135304881,0.797462850754495,0.29618786219572946,2.799802585533298,0.0742404286025109,-0.1765847335300805,0.31206713330344976,0.7608054144051083,-3.112962061835706,-0.016878607598425684,0.0
2.539999999999942,-0.1317844157500097,-0.46694572121944355,6.576415394474099,-4.106509976789438,-13.948399030627517,0.0666192192309154,0.17366784368709742,-0.017263797141358866,0.42511607157453635,-0.28382958773067213,2.0404138106950307,0.3730539760517739,0.07560040608795501,-0.17795857039921323,0.30961161187857106,0.7530495418418558,-3.12013023896263,-0.01965533500313761,0.0
2.5599999999999397,-0.1208094379536244,-0.5005579142666771,-1.5001258446750718,-1.57796192228194,-1.705326023485795,1.985607713645393,0.18736858991483918,-0.044922160447965986,0.7006487576763489,-1.6751745958886541,2.208752052954706,1.3346154250267634,0.07732061489110527,-0.17893375135755246,0.3075839362656029,0.7463995504793419,-3.110561244752796,-0.024322805215203216,0.0
2.5799999999999375,-0.16475965721226496,-0.5344548200555291,-2.286973994663228,-1.6895554905104093,-8.26920601145062,5.049909692438037,0.20036439948732437,-0.07306742455879153,0.5772237089763886,-1.1448356915437865,5.005155237996292,2.5533436202707303,0.07892718512138071,-0.17962818887198603,0.30556318433248675,0.7403005385354818,-3.096856246456693,-0.025188008826185847,0.0
2.5999999999999353,-0.20627338812179233,-0.5652400082133651,-1.85293656868206,-1.626959987982677,-8.703628779088001,7.959218803339887,0.21059139093790058,-0.0959950221336512,0.38861842625819754,-0.4117738022228363,6.9118831330393675,-1.1744450720594537,0.08015817614045843,-0.18015246880032462,0.3032009906474215,0.7345473749869461,-3.0884354916479837,-0.023552652041798176,0.0
2.619999999999933,-0.23801472298166582,-0.5975145944016269,-1.3731243191961784,-1.441569377675278,-10.652986543761614,7.140666881543629,0.21724821367044347,-0.0951627051396062,0.17632200415509294,0.3027413951552135,7.651914918972434,-2.0727684566683955,0.08090061589088202,-0.18045528265879193,0.30071543445873866,0.7295072753294196,-3.0844945683222784,-0.019916078756091898,0.0
2.639999999999931,-0.2623157022767178,-0.621702093279731,-1.088235735974225,-1.0766281628076333,-10.962478603477985,7.144248724538831,0.21950193400761728,-0.08770212166233768,0.1476291066397405,0.2486184213131486,7.498635889263186,-1.8359553344213904,0.0812925425376122,-0.18057399603648788,0.2986075133833884,0.7257188373063509,-3.086491493027326,-0.016121477858000163,0.0
2.6599999999999286,-0.28023782638140105,-0.6395876661661352,-0.7485039010096008,-0.670976012936034,-10.38646391643359,6.182222252127984,0.22342947792309253,-0.08938622876978766,0.1848464867920832,-0.35051059440438487,6.783385946123412,0.2306916501506543,0.08153508571888557,-0.18042405478242907,0.29676789674887055,0.7222889939138457,-3.088374179014911,-0.011045571713022161,0.0
2.6799999999999264,-0.2947019154825182,-0.6506904761929216,-0.686675947086404,-0.43180713295985307,-9.910942913837788,6.154866669381358,0.22661289657952807,-0.09461041518276506,0.1025306203606199,-0.2602709778355421,6.496310786867847,1.1663284294382408,0.08172182237983731,-0.18001328625695312,0.2954027008639178,0.7189190310767953,-3.0900206486641646,-0.005388177380959822,0.0
2.6999999999999242,-0.3047993632175483,-0.6581454729162509,-0.36619541155405816,-0.34268865869510867,-10.221092772374528,3.5949901620251214,0.22834654631041676,-0.09908096434386875,0.1397232910667324,-0.262972414880953,5.259870732819916,2.405843121972186,0.08175067809031644,-0.17947780734982885,0.29437724588560643,0.7161631525691127,-3.0925980032527827,6.947523860311353e-05,0.0
2.719999999999922,-0.3096043820087826,-0.6647860854718747,-0.14206665935483603,-0.29181318391304845,-11.889835877356296,0.6196466916956276,0.23048597405539967,-0.10072181197503792,0.10686696529776672,-0.08476992227924439,3.2241795486999725,4.869194693410336,0.08168544592774926,-0.17872917905228553,0.2935060766455981,0.7138593667432482,-3.0931159243199886,0.004481838830424642,0.0
2.73999999999992,-0.30776833422626076,-0.6696018219961968,0.24896634413610497,-0.1573167915772771,-12.536564280650415,-3.654918613504232,0.2307091103787693,-0.10311879032793897,-0.006277174253343336,-0.2063038717733072,0.6174771817482752,6.9240691897165,0.08154419853337855,-0.17771610788595535,0.2927945528030719,0.7123309735879193,-3.091822086594294,0.006658498318978266,0.0
2.7599999999999176,-0.29909670940873895,-0.6692774593078712,0.5554541917221033,0.1662952450903912,-12.70962706074746,-5.079302091869867,0.22825436124479648,-0.11845667018274889,-0.12918388616032384,-1.0097499231336264,-1.882109284045339,7.694086800490028,0.0813825585620243,-0.17638096222672817,0.29229961570638485,0.712035497387715,-3.089011553116107,0.007147593488477011,0.0
2.7799999999999154,-0.2897332664542502,-0.6623955590258269,0.4092908640800238,0.4219343404713894,-13.220446796572194,-6.152948016220231,0.22101287235797093,-0.14211622987507364,-0.3936617224631008,-0.44865323321788286,-5.116640156410832,5.502590461492746,0.08124729516070592,-0.1747748528037566,0.2921264572998778,0.7131360668079426,-3.0852443593728065,0.007640712464254671,0.0
2.7999999999999132,-0.28649598878507204,-0.6529048620762302,-0.026504986438067035,0.5255897106607684,-11.945054079145338,-8.376584824456277,0.19035988750641478,-0.14310685602299308,-1.8499882004725499,0.1401140523126666,-7.311053173577841,1.8700962026161438,0.08113032453151169,-0.1731989923363102,0.29289258622486447,0.7158155519491065,-3.0819137497509104,0.010281767456046068,0.0
2.819999999999911,-0.27857229408890544,-0.6401519611467436,0.7303864184865169,0.7280056309026749,-4.700262781564971,-12.233600453698951,0.13990196826387982,-0.144357023491931,-2.8123810784145373,-0.09194415385620701,-2.0985384044347644,-5.3666590150293185,0.08121532450063942,-0.17168830741207805,0.2943735652845039,0.7202679571613504,-3.0780358448882144,0.0143929901151038,0.0
2.839999999999909,-0.2597122825087225,-0.6223087600787996,1.150157623632198,1.0130618676907457,-1.746152418288268,-12.306369639310907,0.0909636956338432,-0.14533514292770172,-2.10401580979955,0.02746915380036186,0.5774662353708191,-7.8012840626524715,0.08155064844240957,-0.17033011261335465,0.296505847671696,0.7266227943790028,-3.072179253556719,0.018570149234511404,0.0
2.8599999999999066,-0.24749924418493394,-0.5989073676520272,0.2516353898264565,1.2713029815257075,-0.3645612697138867,-14.97510671945584,0.038824899725028963,-0.14023237156058738,-2.2985721139007493,0.3583237311824254,0.6496751900724069,-5.898519916346409,0.08223433432570887,-0.1692018498047636,0.2992246705625817,0.7340443549531765,-3.066491950264383,0.018524914357839452,0.0
2.8799999999999044,-0.23681677200245327,-0.5718993811935766,0.559461294112592,1.3685380708480357,-0.19061445201158334,-12.906705882225946,-0.016571635621256298,-0.13184098239123224,-2.4400588391940228,0.43173309659450676,0.5791376065871088,-5.220483237445482,0.08336615374639242,-0.16819289538418036,0.30207978112902495,0.7413858192800517,-3.0626562436113707,0.01292605654892023,0.0
2.899999999999902,-0.2180848284548436,-0.5459675419376118,0.9351492026301936,1.1930387695419153,-0.31556442302968124,-9.140295471624187,-0.04405166335283389,-0.12407040812449614,-0.986546501465431,0.3666075186898341,0.2036691416169405,-5.432469427484595,0.0849331270843001,-0.16726262636753594,0.3046990090925424,0.7478262047537405,-3.0593286719453623,0.0035137747393822394,0.0
2.9199999999999,-0.19989006346228408,-0.5250428423997164,0.809535145079236,0.879008535614345,-0.308512729246484,-2.6660601227519636,-0.03671419911985468,-0.1182151461433908,0.5502100734957401,0.26406427153200984,-0.006002165523492309,-5.842508672122301,0.08686671750404557,-0.1664227677527382,0.30680265279384816,0.7528356539092362,-3.055498905763824,-0.007652198678070813,0.0
2.939999999999898,-0.19484412546621835,-0.510247252646897,0.06905588095831378,0.5762082792090261,-0.2654902087810508,5.559771725061214,-0.01078983128259695,-0.11394113436823818,1.2428105226504782,0.19215457271705516,-0.22497419004339525,-6.252587657007491,0.08907007942843104,-0.16571443611265219,0.3082892867107084,0.7564035358928781,-3.0514790027959453,-0.01789021783061428,0.0
2.9599999999998956,-0.21607050206624476,-0.49993259503515963,-1.1817949439910822,0.4120475937254739,-0.015426194870256982,14.933911831706293,0.015544780868010971,-0.11073546614540244,1.147311213647144,0.14384696103617745,-0.25437356200075945,-6.388732684238018,0.09145828517945304,-0.16517786302144916,0.3093018085696412,0.7590047143764275,-3.0481301759145563,-0.02449322981642795,0.0
2.9799999999998934,-0.25939807885346794,-0.4918257222923652,-2.0689125896158647,0.35459245280032925,0.2978447216455917,23.425939469283076,0.030884478037101874,-0.10803867770656271,0.597227878450335,0.13814238195269413,-0.15165360166053432,-6.330934133524426,0.09397024538858328,-0.16482614422388897,0.3100868224384623,0.7610604513557231,-3.0463872662276725,-0.02714515588896552,0.0
2.999999999999891,-0.3061117892044321,-0.48444733884511876,-2.0309485315284554,0.3443268519080395,0.35674743946993415,29.586085645134055,0.03264878136215589,-0.10473991996443051,-0.00871916809254425,0.18962511356162698,-0.1980722194544279,-6.0895924241276465,0.09656126646969528,-0.16462444097074197,0.31078400303168274,0.7627457005409124,-3.0466098164777047,-0.02756131544555985,0.0
3.019999999999889,-0.3421959074889102,-0.4774539658263909,-1.4734998220828672,0.31992179308477553,0.17561744401806312,33.827996371947734,0.023087031435469654,-0.09994072714566032,-0.48697719622888935,0.2686089447147251,-0.06657235022049757,-5.723262309041829,0.09920168215976939,-0.16451285011992847,0.3113961162846317,0.7641213786459,-3.048334523971193,-0.027280139310383512,0.0
3.039999999999887,-0.3655869834266131,-0.471024688697666,-0.9300824734235154,0.28690624198472575,-0.01678610032628658,37.020335011307914,0.008858319076830098,-0.0936186309489433,-0.6476718104585025,0.33462311436567715,-0.018353570802474906,-5.221421507536639,0.10187325361966013,-0.16443978382574756,0.31187256949556313,0.7652094585801197,-3.0509424352827197,-0.027192011788308455,0.0
3.0599999999998846,-0.37870983637261646,-0.46535105929320275,-0.5110958195965503,0.24234976078582457,-0.13991985939640106,39.57677406633034,-0.004447397726984849,-0.08632346019142324,-0.5751119498052233,0.3687112360401471,-0.026157221506805328,-4.717057592316234,0.10456522652622643,-0.16437176647904497,0.31216632462779836,0.7659920052174388,-3.054140329864493,-0.027811600685606345,0.0
3.0799999999998824,-0.3838166123019663,-0.46101038283636553,-0.1810369059342601,0.1590415100064069,-0.209335304761967,41.74989830203157,-0.014259640871551153,-0.07864766687326218,-0.4098511642466207,0.3769733019904931,-0.05860139108429052,-4.232504401110386,0.1072696257941672,-0.1642875316956537,0.31222747979834253,0.7663699030429821,-3.057974019244646,-0.029625285808009872,0.0
3.09999999999988,-0.3837202000526027,-0.4590027266164422,0.01830522496842537,0.023367337718205934,-0.05430285138842512,43.677957574656986,-0.020319295453901747,-0.07085821506167703,-0.24589280718398077,0.37743645138718257,-0.09287227475266624,-3.6969570952028077,0.10997874694135422,-0.1641751931190407,0.31199728089764894,0.7662054992215273,-3.0626257565460304,-0.03288111457414543,0.0
3.119999999999878,-0.3773882348064741,-0.46043792243122705,0.2975621727944913,-0.16960125128863848,-0.0883296351995404,45.423657446579675,-0.023357344534169877,-0.06294858251101722,-0.11858587339186698,0.38249560338246913,-0.12250945270262734,-3.0446917870612284,0.11268474210373902,-0.16403149036540388,0.3114211226051439,0.7653655821581448,-3.068352654632191,-0.03747039060060673,0.0
3.139999999999876,-0.36297873226467564,-0.4665803727522156,0.6597847136828711,-0.4204530304684051,-0.14303531676807024,46.77590021262603,-0.024311185395975352,-0.05479881167878743,-0.02629259429487029,0.39159318185579356,-0.14172165380920415,-2.2798841875212466,0.11538141832272143,-0.1638579068246561,0.3104466570210948,0.7637127531292158,-3.075368418555314,-0.04290940113873524,0.0
3.1599999999998736,-0.33656306478662945,-0.4788089268429733,1.2112709284477186,-0.7509949558469242,-0.22496192030831264,47.30900248821997,-0.024532151506757627,-0.04636272049019062,-0.006025786806768855,0.398677977181252,-0.0873112306939412,-1.2919571120953384,0.11806207219148432,-0.16365673907115424,0.30900508445373864,0.7610619340488533,-3.083974262042379,-0.048349355546739414,0.0
3.1799999999998714,-0.2956009605291364,-0.4992843740136557,2.726725997685886,-1.1786417584433473,-0.2723375114490034,46.53206697250764,-0.02544039454281387,-0.037508551069785345,0.7332644379069101,0.4213915569689157,-0.11753329607782126,0.20659550756310374,0.12070941560652418,-0.16343109672561573,0.30696456550455237,0.7570422793785528,-3.094751536232192,-0.05292177741618863,0.0
3.199999999999869,-0.23869285934244952,-0.5218103553842797,0.06305592047783892,-0.9508701560303021,1.683496558503085,42.691595042842856,-0.0006893658856112154,-0.028132437071778912,1.090147974255933,0.5158429366045365,-3.509297141159159,0.013055690698867917,0.1234544431913184,-0.16319741744242686,0.30515061757344075,0.753102044548018,-3.1017161430047264,-0.05864071511918461,0.0
3.219999999999867,-0.2611746758481567,-0.5377744423128084,-1.4645006849225013,-0.6353731660404923,3.4224789252247287,38.47462933434278,0.017307507003064968,-0.017551524676944572,0.7467900680596593,0.49007958354828757,-1.177364557439447,1.7685524248231947,0.12613049010074726,-0.16289335797422566,0.30435033563218056,0.7505450458722269,-3.1036372000843695,-0.06482877639233553,0.0
3.2399999999998648,-0.2881363673697811,-0.5576896547272464,-1.1702304509433223,-1.128860690343798,3.9366584753213942,19.92304887181633,0.03247693997960869,-0.006815298952314183,0.7069308255951879,0.522616711112398,1.267814282196584,0.7675624369391949,0.12849686499678142,-0.16255219439760574,0.3037697403374008,0.747776697407133,-3.1021773537056676,-0.0726431462537245,0.0
3.2599999999998626,-0.3106203022575584,-0.5868375959516166,-1.058520835756686,-1.5638962737105426,3.344927581669511,7.60076870784302,0.047308339152652555,0.005713801725432143,0.6815824929819375,0.6083601431291198,4.889648170362753,0.4595504836704205,0.13053798368406028,-0.16213471941218452,0.302878074122619,0.7439555575965062,-3.096915292699213,-0.08083331743769316,0.0
3.2799999999998604,-0.3325129924987476,-0.6183177764276012,-1.091325706737205,-1.5322543022862276,2.4249687449031403,5.866206669000967,0.06019320876441688,0.011968038942051312,0.5500236327414825,0.16322606162762118,7.200812983601441,-0.2757376761914795,0.1321815254949472,-0.1617443341751852,0.30143199302066387,0.7392270402295622,-3.0917536816926448,-0.0869137535874568,0.0
3.299999999999858,-0.353161298222565,-0.6484269483408,-0.9617382159546737,-1.4708472181194159,-0.11056984322954544,5.789001979079032,0.06996950512569697,0.013367314373362067,0.3906955834302593,0.023947401054859464,8.280180916066085,-0.5567720395338763,0.13340502251038058,-0.16139205019003905,0.2994838114953078,0.7343046648052728,-3.087446188150308,-0.0900730335955113,0.0
3.319999999999856,-0.37255402235463175,-0.6782332622938023,-0.9340128567855187,-1.4270110947890857,-1.4952393694396877,7.020664413118567,0.07728979534953803,0.01445219049131635,0.2817536076080821,-0.14409568437585163,8.86199009874789,-0.05974370468035013,0.1342202314447861,-0.16107013608974563,0.29706051143974394,0.7294992415461737,-3.0838978784930964,-0.09090593511291248,0.0
3.3399999999998538,-0.3896270992875833,-0.6997215535240215,-0.763970194775892,-0.8900448687651827,-2.1168106133166065,5.800407421062917,0.08181839567505415,0.009726479191433563,0.15057423606176823,-0.18853506185492322,9.058355182468164,1.4190992265463893,0.13436791503666706,-0.16111723030545988,0.2949827679404971,0.7251051869125257,-3.081337132306641,-0.09014224401375409,0.0
3.3599999999998515,-0.40372686902105653,-0.7163794167811366,-0.642059539809512,-0.7672566111910858,-1.7192893441152068,5.776515529661008,0.08291310706023036,0.007496249912169284,-0.012425250711699051,-0.08853678613269268,8.843575937512902,1.670473015784086,0.13387280379913402,-0.1616207837603355,0.2935964598790925,0.7212173062834626,-3.0790921437169785,-0.08830928661350491,0.0
3.3799999999998493,-0.4141473861745906,-0.7309388387778069,-0.4269791144860443,-0.673045727127748,-1.2421799280316446,4.726631848079939,0.08017975826873208,0.006489594878153432,-0.1993515105526242,-0.060318594806044616,8.472561543543836,2.298521380128315,0.13296465701076818,-0.16233886108538925,0.2924665290703697,0.7178486933984195,-3.0760784887452552,-0.08573088478236567,0.0
3.399999999999847,-0.42084908684909533,-0.7438526244936557,-0.2725913515522716,-0.6024715176350315,0.1162041767605464,3.9602312893705056,0.07281089543621704,0.005073868523757545,-0.41983998663426714,-0.10612107011019022,7.684566985946068,3.0640937241682007,0.1317550551249699,-0.16316861294807783,0.29145347832152346,0.7149041737004804,-3.071796066381873,-0.08316092651538512,0.0
3.419999999999845,-0.423414009731203,-0.7557363421494633,-0.047828597070361085,-0.564788488540853,1.6070589048668742,2.1192303797882213,0.06051724532560351,0.0038105029407227735,-0.6294113760676586,-0.07132879069039491,6.048805358629332,4.218368420559318,0.13032604418967006,-0.16407254230663293,0.2905246625489963,0.7123759273474582,-3.0653032785282224,-0.08060933094191783,0.0
3.4399999999998427,-0.42174708115723075,-0.7666806280964928,0.11211418792807462,-0.5141360946056605,3.157846621184912,0.9220492471776358,0.04440451424553298,0.0037550484963452795,-0.6841542330570184,0.009676752639661265,3.0178148941788816,5.509481784569398,0.12879631585186394,-0.16501672832259068,0.2897288563784242,0.7103890667302197,-3.055674344260291,-0.07813081265866165,0.0
3.4599999999998405,-0.41750254567181816,-0.7727526548996044,0.2860274991026154,-0.15667675078561777,1.9526701807666975,8.866430440723528,0.03256789211021649,0.0066286418364157095,-0.5018382067134363,0.172426852517257,0.10564080170305201,8.31057161462477,0.12736925433310833,-0.16600439879749876,0.289313276202286,0.7098995261582997,-3.044894414141047,-0.07312571291925359,0.0
3.4799999999998383,-0.4159716938651692,-0.7678167060322011,-0.02194254320619843,0.49352762633883523,-0.47847965036235096,27.613165361368793,0.0344014798856953,0.011709562780681648,0.3639896146045684,0.2599150826984146,0.5500377274326856,10.373612445328025,0.12628240262179505,-0.1670592614251999,0.2896702008395703,0.7117082144508547,-3.036559062526493,-0.06733672673899885,0.0
3.499999999999836,-0.4257400050152203,-0.7525042337189188,-0.5538075135961456,0.9368410551228536,-0.056899001966350005,39.69285998986452,0.05861238723330462,0.01444270113206695,1.2577836645967697,0.05817493540370955,-0.18089992917950104,10.236441143813915,0.12557532937245047,-0.16815605640490383,0.29088153849341325,0.7153731591447493,-3.0336614289043022,-0.062787837313303,0.0
3.519999999999834,-0.44687903039921917,-0.7307138042592558,-1.0391751670321123,1.1821473951791555,-0.06277275384823566,43.75786875560449,0.08464778739680852,0.014327926006391947,1.1260466523409536,-0.047350827327571315,-0.2708684435304858,10.329811464500128,0.12516324008785815,-0.16925539605221476,0.292700058368712,0.7201538450626994,-3.035788659954326,-0.05876965645445529,0.0
3.5399999999998317,-0.457448184688488,-0.7060628073195048,-0.3939148927184409,1.2347157102525563,-0.20708876905167162,43.63698581905858,0.10232440127182552,0.013927221481331273,0.7097204244144112,-0.006033261686266873,-0.1445777316318484,10.841241029334501,0.12493223793959726,-0.17034166382519467,0.2946770726559042,0.7251067511553734,-3.0417524668982097,-0.05604826458579524,0.0
3.5599999999998295,-0.45043892861398577,-0.6829602573163575,1.0976991014533057,1.0508117289137207,-1.1721058468975325,42.30567252238478,0.11259698106595313,0.015280699691797834,0.30678784713850626,0.08875068311768304,0.07487231905762481,11.41154634793991,0.12477197608934143,-0.17139807151030578,0.29624927161826803,0.7290162688512529,-3.0515084812473554,-0.05472651602069518,0.0
3.5799999999998273,-0.39672360719159283,-0.6648477118634784,2.771263193385623,0.7821604008011162,-7.38110716069364,39.366052290241576,0.10907608249397313,0.01585697019944941,0.05201934734040875,0.0018666710454858706,1.5528428719854592,10.269817350768538,0.12474708604774366,-0.17231913717465838,0.29733703502941056,0.7314334646761126,-3.0628195713965556,-0.05459774318229288,0.0
3.599999999999825,-0.3423955494698978,-0.6536196165899419,0.5335000698613669,0.4581674835306722,-4.666681464275635,27.706253823565913,0.10517083289362435,0.010786674878570388,-0.5298369409154137,-0.3085947889790753,4.262202612883005,6.938076864926501,0.12478755690690702,-0.17303843772898608,0.2980150724014484,0.7325778072932247,-3.0719261074333075,-0.0564068085090182,0.0
3.619999999999823,-0.34388046807890565,-0.65457172946443,-0.19743089807954667,-0.3304501672201209,-3.028775364934164,4.904945086313844,0.09495882791286978,0.011002724578581929,-0.42503236587528453,0.21011680567645608,7.091087259169117,2.3042978350361802,0.12488635599268624,-0.17342007060424755,0.2985144280590652,0.7326365647181788,-3.072488060074213,-0.06351209062106271,0.0
3.6399999999998207,-0.34826039244789003,-0.6703948619702671,-0.2274108540208813,-0.9225592732410005,4.8114958830345484,0.2160456190277562,0.0855609691535892,0.011261514773884655,-0.46620312525093727,-0.005324833164830472,7.0990749156816975,1.401123158556497,0.12503458685352847,-0.1736552511660126,0.29833398217251383,0.7315920791652255,-3.068119535365348,-0.0714088614536614,0.0
3.6599999999998185,-0.349850242192774,-0.677662737484052,0.018043954453909616,-0.12702949524001475,6.472108353387386,-0.46532821309068345,0.07682222090338935,-0.020178058716954855,-0.4028453174277495,-2.1593768878525297,6.011375217337276,6.970795267378144,0.12503969077104848,-0.17388655818721577,0.2973864628949714,0.730276677536849,-3.062341437879134,-0.07513194587613221,0.0
3.6799999999998163,-0.3504381705052053,-0.6810556862752069,-0.051835608492775735,-0.1396394637709744,2.849638521165741,2.3705323144032224,0.06740889559080461,-0.04343816073309083,-0.4813335894490318,-0.4575521636147135,4.3945722367835405,4.047331982471046,0.1244428167203868,-0.174280936033763,0.2965340273157638,0.7293986846204498,-3.0570314796730513,-0.07423999817125626,0.0
3.699999999999814,-0.3533137545347789,-0.6809419192905374,-0.2116519389197237,0.10687136236914327,-1.8169338216284932,8.253945543198823,0.0560641355625632,-0.04940990952270533,-0.5559864621022921,-0.2216500178539314,1.2845925923409216,0.6580408883435304,0.12346033885562296,-0.17503907447153555,0.2964073920740388,0.7296550254767712,-3.0547485343866687,-0.06685099824336989,0.0
3.719999999999812,-0.3602071713077666,-0.6764881024463981,-0.19374595482488866,0.30202328585394395,-0.10537629693205053,12.43519968927807,0.053538809165075474,-0.05336467015194291,0.00838609873399727,-0.1577374706268571,0.20114269688785677,-1.3686327849475988,0.12273776442563895,-0.17600966303864904,0.2968111435261446,0.7309909231137756,-3.053038878619013,-0.05778981086492579,0.0
3.7399999999998097,-0.36310912894335057,-0.66849422522377,-0.05164443920795665,0.4596528834959334,-0.30818148937401574,19.319821000357624,0.05257108008692585,-0.0567118636522843,-0.037935103192307515,-0.15905730405514315,-0.03387202455024832,-1.0069637007580958,0.12250386581022915,-0.17709595642147496,0.2976622659503309,0.7329060448986666,-3.05206569371622,-0.050549760730073355,0.0
3.7599999999998075,-0.3696588261435467,-0.6570391219214419,-0.30476557492424305,0.6158360732376412,-0.48591084007340957,31.984635375207034,0.05228818369879717,-0.06131589624262077,-0.0060647952944665766,-0.22052634272799904,-0.0827466100198884,-2.5345863884879303,0.12272428706551344,-0.17830362339455552,0.2988449861635499,0.7352271410035276,-3.0511422531775105,-0.04586215862095099,0.0
3.7799999999998053,-0.3897460793444035,-0.6416211969802846,-0.9830211755519335,0.8501245014751978,-0.20435046032105708,40.686998728847016,0.05133971381138705,-0.06581281820691061,-0.04843521956078578,-0.19949984236044335,-0.13642646228062943,-2.0703063250158387,0.12327710372428151,-0.17961001689364758,0.3003026964943091,0.7380702659538367,-3.0509189927517415,-0.04224642779987372,0.0
3.799999999999803,-0.41289967956516654,-0.623291034699691,-1.0251543351479018,0.9351373930050544,-0.1478484719099229,44.51874290555017,0.04496653991691989,-0.06881252720954881,-0.32256100929512277,-0.1022477772368273,-0.07583404362394341,-2.2642219183770793,0.12405593730767302,-0.18098460426877894,0.3019654324460342,0.741319717706883,-3.0511938653836825,-0.03987916453211804,0.0
3.819999999999801,-0.4309730787618934,-0.6034367456500254,-0.7512064081171549,1.0007713674978658,-0.11512143482027781,45.53640199905892,0.03164466716396104,-0.06988038689471526,-0.6312027334025637,-0.023840841133500885,0.028257973284733895,-1.5962042351927541,0.12499326853152684,-0.1823608485744276,0.3036547837619591,0.7447049743251131,-3.051886208566458,-0.03886886648689954,0.0
3.8399999999997987,-0.4396166881999657,-0.5834498981085834,-0.31216838399318936,0.9554273580359899,-0.1913194956637757,45.90227037019995,0.0173501212660135,-0.06967564004581764,-0.6293557059027843,0.0342375545247593,0.03943090701512042,-1.3543491788602289,0.1260552790897549,-0.1837095156128836,0.3052116658218128,0.7479076567525403,-3.0529907217247816,-0.03873762123619381,0.0
3.8599999999997965,-0.4412832343972266,-0.5646881067977043,-0.019233259479712446,0.873247632892012,-0.07444558193408762,46.86970634997686,0.005394900560101713,-0.068767691152392,-0.5101595629662116,0.048269190579247924,0.017633919734328263,-1.0075639852140226,0.1272185380133318,-0.1850038790213608,0.30648446736730345,0.7506250518784685,-3.054500032485533,-0.03956548836752366,0.0
3.8799999999997943,-0.43612363999450726,-0.5485724905752277,0.26005764497720896,0.7016615783107225,-0.07322790447102323,47.93222179631854,-0.002467078745314384,-0.06783156046855182,-0.3208003591253447,0.041303893695074784,-0.029062830536523143,-0.7358244780419858,0.1284587592978242,-0.18623392829386218,0.307361709142697,0.7526011697813669,-3.0567354956131694,-0.04141437181640756,0.0
